University,Univ_Rank,Enrollment,Avg_SAT,Avg_ACT,city,state,Latitude,Longitude,univ_rank,enrollment,avg_sat,avg_act,latitude,longitude
Princeton University,1.0,5400.0,1400.0,32.0,Princeton,NJ,40.3563,-74.6693,,,,,,
Harvard University,2.0,6710.0,1430.0,32.0,Cambridge,MA,42.3759,-71.1185,,,,,,
University of Chicago,3.0,5941.0,1450.0,32.0,Chicago,IL,41.8373,-87.6862,,,,,,
Yale University,3.0,5472.0,1420.0,32.0,New Haven,CT,41.3112,-72.9246,,,,,,
Columbia University,5.0,6113.0,1430.0,32.0,New York,NY,40.6943,-73.9249,,,,,,
Massachusetts Institute of Technology,5.0,4524.0,1460.0,33.0,Cambridge,MA,42.3759,-71.1185,,,,,,
Stanford University,5.0,7034.0,1380.0,31.0,Stanford,CA,37.4252,-122.1674,,,,,,
University of Pennsylvania,8.0,10019.0,1380.0,32.0,Philadelphia,PA,40.0077,-75.1339,,,,,,
Duke University,9.0,6609.0,1380.0,31.0,Durham,NC,35.9794,-78.9031,,,,,,
California Institute of Technology,10.0,979.0,1510.0,34.0,Pasadena,CA,34.1597,-118.139,,,,,,
Dartmouth College,11.0,4310.0,1350.0,30.0,Hanover,NH,43.7044,-72.2887,,,,,,
Johns Hopkins University,11.0,6117.0,1420.0,32.0,Baltimore,MD,39.3051,-76.6144,,,,,,
Northwestern University,11.0,8353.0,1400.0,32.0,Evanston,IL,42.0463,-87.6942,,,,,,
Brown University,14.0,6926.0,1370.0,31.0,Providence,RI,41.823,-71.4187,,,,,,
Cornell University,14.0,14566.0,1330.0,31.0,Ithaca,NY,42.4442,-76.5032,,,,,,
Rice University,14.0,3893.0,1410.0,32.0,Houston,TX,29.7863,-95.3889,,,,,,
Vanderbilt University,14.0,6871.0,1420.0,32.0,Nashville,TN,36.1715,-86.7843,,,,,,
University of Notre Dame,18.0,8530.0,1350.0,32.0,Notre Dame,IN,41.7014,-86.2378,,,,,,
Washington University in St Louis,18.0,7540.0,1400.0,32.0,St. Louis,MO,38.6358,-90.2451,,,,,,
Georgetown University,20.0,7453.0,1320.0,30.0,Washington,DC,38.9047,-77.0163,,,,,,
Emory University,21.0,6861.0,1290.0,30.0,Atlanta,GA,33.7627,-84.4224,,,,,,
University of California--Berkeley,21.0,29311.0,1300.0,29.0,Berkeley,CA,37.8723,-122.276,,,,,,
University of California--Los Angeles,21.0,30873.0,1160.0,25.0,Los Angeles,CA,34.1139,-118.4068,,,,,,
University of Southern California,21.0,18794.0,1280.0,30.0,Los Angeles,CA,34.1139,-118.4068,,,,,,
Carnegie Mellon University,25.0,6673.0,1380.0,31.0,Pittsburgh,PA,40.4396,-79.9762,,,,,,
University of Virginia,25.0,16331.0,1240.0,29.0,Charlottesville,VA,38.0375,-78.4855,,,,,,
Wake Forest University,27.0,4955.0,1240.0,28.0,Winston-Salem,NC,36.1029,-80.2611,,,,,,
University of Michigan,28.0,28983.0,1310.0,29.0,Ann Arbor,MI,42.2755,-83.7312,,,,,,
Tufts University,29.0,5508.0,1370.0,31.0,Medford,MA,42.4234,-71.1087,,,,,,
New York University,30.0,26135.0,1250.0,29.0,New York,NY,40.6943,-73.9249,,,,,,
University of North Carolina at Chapel Hill,30.0,18523.0,1190.0,27.0,Chapel Hill,NC,35.927,-79.0391,,,,,,
Boston College,32.0,9309.0,1260.0,30.0,Chestnut Hill,MA,42.3355,-71.1685,,,,,,
College of William Mary,32.0,6276.0,1250.0,28.0,Williamsburg,VA,37.2692,-76.7076,,,,,,
Brandeis University,34.0,3608.0,1270.0,29.0,Waltham,MA,42.3889,-71.2423,,,,,,
Georgia Institute of Technology,34.0,15489.0,1320.0,30.0,Atlanta,GA,33.7627,-84.4224,,,,,,
University of Rochester,34.0,6386.0,1250.0,29.0,Rochester,NY,43.168,-77.6162,,,,,,
Boston University,37.0,17944.0,1220.0,28.0,Boston,MA,42.3188,-71.0846,,,,,,
Case Western Reserve University,37.0,5152.0,1280.0,30.0,Cleveland,OH,41.4767,-81.6804,,,,,,
University of California--Santa Barbara,37.0,21574.0,1140.0,25.0,Santa Barbara,CA,34.4285,-119.7202,,,,,,
Northeastern University,40.0,13473.0,1330.0,31.0,Boston,MA,42.3188,-71.0846,,,,,,
Tulane University,40.0,6377.0,1250.0,29.0,New Orleans,LA,30.0687,-89.9288,,,,,,
Rensselaer Polytechnic Institute,42.0,6265.0,1280.0,28.0,Troy,NY,42.7354,-73.6751,,,,,,
University of California--Irvine,42.0,27331.0,1060.0,,Irvine,CA,33.6772,-117.7738,,,,,,
University of California--San Diego,42.0,28127.0,1140.0,25.0,La Jolla,CA,32.8801,-117.234,,,,,,
University of Florida,42.0,34554.0,1180.0,27.0,Gainesville,FL,29.6804,-82.3458,,,,,,
Lehigh University,46.0,5080.0,1230.0,29.0,Bethlehem,PA,40.6266,-75.3679,,,,,,
Pepperdine University,46.0,3542.0,1110.0,26.0,Malibu,CA,34.0368,-118.7845,,,,,,
University of California--Davis,46.0,29546.0,1050.0,24.0,Davis,CA,38.5552,-121.7365,,,,,,
University of Miami,46.0,10849.0,1210.0,28.0,Coral Gables,FL,25.7037,-80.2715,,,,,,
University of Wisconsin--Madison,46.0,31710.0,1234.0,27.0,Madison,WI,43.0826,-89.3931,,,,,,
Villanova University,46.0,6999.0,1220.0,30.0,Villanova,PA,40.0374,-75.3431,,,,,,
Pennsylvania State University--University Park,52.0,41359.0,1090.0,25.0,University Park,PA,40.7982,-77.8599,,,,,,
University of Illinois at Urbana Champaign,52.0,33932.0,1280.0,26.0,Champaign,IL,40.1144,-88.2735,,,,,,
Ohio State University--Columbus,54.0,45831.0,1160.0,27.0,Columbus,OH,39.9862,-82.985,,,,,,
University of Georgia,54.0,27951.0,1140.0,26.0,Athens,GA,33.9508,-83.3689,,,,,,
George Washington University,56.0,11504.0,1180.0,27.0,Washington,DC,38.9047,-77.0163,,,,,,
Purdue University--West Lafayette,56.0,30043.0,1080.0,25.0,West Lafayette,IN,40.4432,-86.9239,,,,,,
University of Connecticut,56.0,19324.0,1130.0,26.0,Storrs,CT,41.8045,-72.2552,,,,,,
University of Texas at Austin,56.0,40168.0,1140.0,26.0,Austin,TX,30.3004,-97.7522,,,,,,
University of Washington,56.0,30933.0,1120.0,26.0,Seattle,WA,47.6211,-122.3244,,,,,,
Brigham Young University--Provo,61.0,30979.0,1160.0,27.0,Provo,UT,40.2457,-111.6457,,,,,,
Fordham University,61.0,9258.0,1170.0,27.0,New York,NY,40.6943,-73.9249,,,,,,
Southern Methodist University,61.0,6521.0,1220.0,28.0,Dallas,TX,32.7936,-96.7662,,,,,,
Syracuse University,61.0,15218.0,1090.0,25.0,Syracuse,NY,43.0409,-76.1438,,,,,,
University of Maryland--College Park,61.0,28472.0,1210.0,28.0,College Park,MD,38.996,-76.9337,,,,,,
Worcester Polytechnic Institute,61.0,4432.0,1200.0,28.0,Worcester,MA,42.2705,-71.8079,,,,,,
Clemson University,67.0,18599.0,1150.0,26.0,Clemson,SC,34.6837,-82.8124,,,,,,
University of Pittsburgh,68.0,19123.0,1190.0,27.0,Pittsburgh,PA,40.4396,-79.9762,,,,,,
American University,69.0,7901.0,1150.0,26.0,Washington,DC,38.9047,-77.0163,,,,,,
Rutgers University--New Brunswick,69.0,36168.0,1110.0,,Piscataway,NJ,40.5004,-74.4474,,,,,,
Stevens Institute of Technology,69.0,3021.0,1260.0,29.0,Hoboken,NJ,40.7453,-74.0279,,,,,,
Texas A M University,69.0,50735.0,1070.0,24.0,College Station,TX,30.5852,-96.296,,,,,,
University of Minnesota--Twin Cities,69.0,34871.0,1180.0,26.0,Minneapolis,MN,44.9635,-93.2678,,,,,,
Virginia Tech,69.0,25791.0,1100.0,,Blacksburg,VA,37.23,-80.4279,,,,,,
Baylor University,75.0,14348.0,1120.0,26.0,Waco,TX,31.5598,-97.1881,,,,,,
Colorado School of Mines,75.0,4612.0,1250.0,29.0,Golden,CO,39.7406,-105.2118,,,,,,
University of Massachusetts--Amherst,75.0,23373.0,1130.0,25.0,Amherst,MA,42.3645,-72.5069,,,,,,
Miami University--Oxford,78.0,16981.0,1130.0,26.0,Oxford,OH,39.5061,-84.7434,,,,,,
Texas Christian University,78.0,8891.0,1070.0,25.0,Fort Worth,TX,32.7811,-97.3473,,,,,,
University of Iowa,78.0,24476.0,1020.0,23.0,Iowa City,IA,41.6559,-91.5303,,,,,,
Clark University,81.0,2289.0,1110.0,27.0,Worcester,MA,42.2705,-71.8079,,,,,,
Florida State University,81.0,32929.0,1110.0,25.0,Tallahassee,FL,30.4551,-84.2526,,,,,,
Michigan State University,81.0,39090.0,990.0,24.0,East Lansing,MI,42.748,-84.4835,,,,,,
North Carolina State University,81.0,23847.0,1170.0,27.0,Raleigh,NC,35.8325,-78.6435,,,,,,
University of California--Santa Cruz,81.0,16962.0,1060.0,23.0,Santa Cruz,CA,36.9789,-122.0346,,,,,,
University of Delaware,81.0,18374.0,1090.0,23.0,Newark,DE,39.6776,-75.7573,,,,,,
Binghamton University--SUNY,87.0,13632.0,1230.0,28.0,Binghamton,NY,42.1014,-75.9093,,,,,,
University of Denver,87.0,5754.0,1110.0,26.0,Denver,CO,39.7621,-104.8759,,,,,,
University of Tulsa,87.0,3406.0,1120.0,26.0,Tulsa,OK,36.1284,-95.9042,,,,,,
Indiana University--Bloomington,90.0,39184.0,1060.0,24.0,Bloomington,IN,39.1637,-86.5257,,,,,,
Marquette University,90.0,8238.0,1040.0,24.0,Milwaukee,WI,43.0642,-87.9673,,,,,,
University of Colorado--Boulder,90.0,27846.0,1070.0,25.0,Boulder,CO,40.0249,-105.2523,,,,,,
University of San Diego,90.0,5711.0,1100.0,26.0,San Diego,CA,32.8312,-117.1225,,,,,,
Drexel University,94.0,13251.0,1080.0,25.0,Philadelphia,PA,40.0077,-75.1339,,,,,,
Saint Louis University,94.0,7454.0,1120.0,24.0,St. Louis,MO,38.6358,-90.2451,,,,,,
Yeshiva University,94.0,2714.0,1090.0,23.0,New York,NY,40.6943,-73.9249,,,,,,
Rochester Institute of Technology,97.0,12410.0,1140.0,26.0,Rochester,NY,43.168,-77.6162,,,,,,
Stony Brook University--SUNY,97.0,17026.0,1150.0,26.0,Stony Brook,NY,40.906,-73.1278,,,,,,
SUNY College of Environmental Science and Forestry,97.0,1755.0,1070.0,23.0,Syracuse,NY,43.0409,-76.1438,,,,,,
University at Buffalo--SUNY,97.0,20411.0,1070.0,24.0,Buffalo,NY,42.9016,-78.8487,,,,,,
University of Oklahoma,97.0,22436.0,1060.0,23.0,Norman,OK,35.2335,-97.3471,,,,,,
University of Vermont,97.0,11159.0,1100.0,25.0,Burlington,VT,44.4877,-73.2314,,,,,,
Auburn University,103.0,22658.0,1060.0,24.0,Auburn,AL,32.6087,-85.4899,,,,,,
Illinois Institute of Technology,103.0,2944.0,1130.0,26.0,Chicago,IL,41.8373,-87.6862,,,,,,
Loyola University Chicago,103.0,11129.0,1030.0,24.0,Chicago,IL,41.8373,-87.6862,,,,,,
University of New Hampshire,103.0,12871.0,990.0,22.0,Durham,NH,43.1336,-70.932,,,,,,
University of Oregon,103.0,20049.0,980.0,22.0,Eugene,OR,44.0563,-123.1173,,,,,,
University of South Carolina,103.0,25556.0,1120.0,25.0,Columbia,SC,34.0376,-80.9037,,,,,,
University of Tennessee,103.0,22139.0,1040.0,24.0,Knoxville,TN,35.9692,-83.9496,,,,,,
Howard University,110.0,5899.0,1040.0,22.0,Washington,DC,38.9047,-77.0163,,,,,,
University of Alabama,110.0,32563.0,980.0,23.0,Tuscaloosa,AL,33.2348,-87.5267,,,,,,
University of San Francisco,110.0,6745.0,1030.0,23.0,San Francisco,CA,37.7562,-122.443,,,,,,
University of the Pacific,110.0,3483.0,1030.0,23.0,Stockton,CA,37.9765,-121.3109,,,,,,
University of Utah,110.0,23789.0,1050.0,21.0,Salt Lake City,UT,40.7777,-111.9306,,,,,,
Arizona State University--Tempe,115.0,42477.0,1020.0,22.0,Tempe,AZ,33.3881,-111.9318,,,,,,
Iowa State University,115.0,30671.0,980.0,22.0,Ames,IA,42.0259,-93.6215,,,,,,
Temple University,115.0,29275.0,1050.0,24.0,Philadelphia,PA,40.0077,-75.1339,,,,,,
University of Kansas,115.0,19262.0,,23.0,Lawrence,KS,38.9597,-95.2641,,,,,,
University of St. Thomas,115.0,6111.0,1050.0,24.0,St. Paul,MN,44.9477,-93.104,,,,,,
The Catholic University of America,120.0,3241.0,1040.0,23.0,Washington,DC,38.9047,-77.0163,,,,,,
DePaul University,120.0,15407.0,1030.0,22.0,Chicago,IL,41.8373,-87.6862,,,,,,
Duquesne University,120.0,6039.0,1055.0,24.0,Pittsburgh,PA,40.4396,-79.9762,,,,,,
University of Missouri,120.0,25898.0,1020.0,23.0,Columbia,MO,38.9478,-92.3256,,,,,,
Clarkson University,124.0,3268.0,1080.0,24.0,Potsdam,NY,44.66,-74.997,,,,,,
Colorado State University,124.0,25177.0,1020.0,22.0,Fort Collins,CO,40.5478,-105.0656,,,,,,
Michigan Technological University,124.0,5829.0,1073.0,25.0,Houghton,MI,47.1119,-88.5672,,,,,,
Seton Hall University,124.0,5956.0,1070.0,23.0,South Orange,NJ,40.7428,-74.2456,,,,,,
University of Arizona,124.0,34072.0,970.0,21.0,Tucson,AZ,32.1545,-110.8782,,,,,,
University of California--Riverside,124.0,19799.0,940.0,21.0,Riverside,CA,33.9381,-117.3948,,,,,,
University of Dayton,124.0,8330.0,1030.0,24.0,Dayton,OH,39.7797,-84.1998,,,,,,
University of Nebraska--Lincoln,124.0,20833.0,990.0,22.0,Lincoln,NE,40.809,-96.6788,,,,,,
Hofstra University,132.0,6899.0,1070.0,24.0,Hempstead,NY,40.7175,-73.6004,,,,,,
Louisiana State University--Baton Rouge,133.0,26118.0,1010.0,23.0,Baton Rouge,LA,30.4418,-91.131,,,,,,
Mercer University,133.0,4706.0,1100.0,25.0,Macon,GA,32.8065,-83.6974,,,,,,
The New School,133.0,7014.0,1030.0,23.0,New York,NY,40.6943,-73.9249,,,,,,
Rutgers University--Newark,133.0,8170.0,910.0,,Newark,NJ,40.7245,-74.1725,,,,,,
University of Arkansas,133.0,22548.0,1010.0,23.0,Fayetteville,AR,36.0713,-94.166,,,,,,
University of Cincinnati,133.0,25860.0,1030.0,23.0,Cincinnati,OH,39.1413,-84.5061,,,,,,
University of Kentucky,133.0,22621.0,980.0,22.0,Lexington,KY,38.0423,-84.4587,,,,,,
George Mason University,140.0,23812.0,1060.0,24.0,Fairfax,VA,38.8531,-77.2998,,,,,,
New Jersey Institute of Technology,140.0,8211.0,1110.0,23.0,Newark,NJ,40.7245,-74.1725,,,,,,
San Diego State University,140.0,29853.0,1000.0,23.0,San Diego,CA,32.8312,-117.1225,,,,,,
University of South Florida,140.0,31461.0,1070.0,24.0,Tampa,FL,27.9942,-82.4451,,,,,,
Washington State University,140.0,24904.0,930.0,20.0,Pullman,WA,46.734,-117.1669,,,,,,
Kansas State University,145.0,19472.0,950.0,22.0,Manhattan,KS,39.1886,-96.6046,,,,,,
Oregon State University,145.0,25327.0,990.0,22.0,Corvallis,OR,44.5697,-123.278,,,,,,
St. John Fisher College,145.0,2786.0,970.0,22.0,Rochester,NY,43.168,-77.6162,,,,,,
University of Illinois--Chicago,145.0,17959.0,990.0,21.0,Chicago,IL,41.8373,-87.6862,,,,,,
University of Mississippi,145.0,19213.0,1000.0,22.0,University,MS,34.3656,-89.5379,,,,,,
University of Texas--Dallas,145.0,17350.0,1140.0,25.0,Richardson,TX,32.9717,-96.7093,,,,,,
Adelphi University,151.0,5205.0,1010.0,22.0,Garden City,NY,40.7266,-73.6447,,,,,,
Florida Institute of Technology,151.0,3629.0,1060.0,24.0,Melbourne,FL,28.1085,-80.6627,,,,,,
Ohio University,151.0,23788.0,990.0,21.0,Athens,OH,39.3269,-82.0988,,,,,,
Seattle Pacific University,151.0,3095.0,990.0,21.0,Seattle,WA,47.6211,-122.3244,,,,,,
University at Albany--SUNY,151.0,13139.0,1010.0,22.0,Albany,NY,42.6664,-73.7987,,,,,,
Oklahoma State University,156.0,21093.0,970.0,21.0,Stillwater,OK,36.1316,-97.074,,,,,,
University of Massachusetts--Lowell,156.0,13639.0,1070.0,24.0,Lowell,MA,42.6389,-71.3217,,,,,,
University of Rhode Island,156.0,14801.0,990.0,22.0,Kingston,RI,41.4738,-71.5236,,,,,,
Biola University,159.0,4091.0,950.0,21.0,La Mirada,CA,33.9025,-118.0093,,,,,,
Illinois State University,159.0,18643.0,,21.0,Normal,IL,40.5218,-88.9881,,,,,,
University of Alabama--Birmingham,159.0,12369.0,965.0,21.0,Birmingham,AL,33.5277,-86.7987,,,,,,
University of Hawaii--Manoa,159.0,13132.0,970.0,21.0,Honolulu,HI,21.3294,-157.846,,,,,,
University of La Verne,159.0,2809.0,930.0,20.0,La Verne,CA,34.1208,-117.7702,,,,,,
University of Maryland--Baltimore County,159.0,11142.0,1120.0,24.0,Baltimore,MD,39.3051,-76.6144,,,,,,
Immaculata University,165.0,1555.0,860.0,18.0,Immaculata,PA,40.0272,-75.5957,,,,,,
Maryville University of St. Louis,165.0,2967.0,900.0,22.0,St Louis,MO,38.6482,-90.5229,,,,,,
Missouri University of Science & Technology,165.0,6909.0,1186.0,25.0,Rolla,MO,37.9458,-91.7608,,,,,,
St. John's University,165.0,16440.0,970.0,22.0,Queens,NY,40.7498,-73.7976,,,,,,
University of California--Merced,165.0,6815.0,860.0,18.0,Merced,CA,37.3057,-120.4778,,,,,,
University of Louisville,165.0,15827.0,1000.0,22.0,Louisville,KY,38.1663,-85.6485,,,,,,
Mississippi State University,171.0,18090.0,990.0,21.0,Mississippi State,MS,33.4515,-88.7913,,,,,,
Rowan University,171.0,14344.0,990.0,,Glassboro,NJ,39.7014,-75.1113,,,,,,
University of Central Florida,171.0,55776.0,1080.0,24.0,Orlando,FL,28.4772,-81.3369,,,,,,
University of Idaho,171.0,9586.0,930.0,21.0,Moscow,ID,46.7307,-116.9986,,,,,,
Virginia Commonwealth University,171.0,24212.0,980.0,21.0,Richmond,VA,37.5295,-77.4756,,,,,,
Kent State University,176.0,23684.0,950.0,21.0,Kent,OH,41.149,-81.361,,,,,,
Robert Morris University,176.0,4384.0,940.0,21.0,Moon Township,PA,40.5211,-80.2115,,,,,,
Texas Tech University,176.0,29963.0,1020.0,22.0,Lubbock,TX,33.5659,-101.8878,,,,,,
Union University,176.0,2214.0,1020.0,23.0,Jackson,TN,35.6535,-88.8353,,,,,,
University of Hartford,176.0,5150.0,920.0,20.0,West Hartford,CT,41.7981,-72.7149,,,,,,
Edgewood College,181.0,1661.0,955.0,21.0,Madison,WI,43.0826,-89.3931,,,,,,
Lesley University,181.0,1929.0,960.0,21.0,Cambridge,MA,42.3759,-71.1185,,,,,,
Lipscomb University,181.0,2986.0,990.0,22.0,Nashville,TN,36.1715,-86.7843,,,,,,
Suffolk University,181.0,5290.0,910.0,20.0,Boston,MA,42.3188,-71.0846,,,,,,
University of Maine,181.0,9323.0,950.0,21.0,Orono,ME,44.8991,-68.6673,,,,,,
University of Wyoming,181.0,9788.0,960.0,21.0,Laramie,WY,41.3099,-105.6085,,,,,,
Azusa Pacific University,187.0,5770.0,930.0,21.0,Azusa,CA,34.1386,-117.9124,,,,,,
Ball State University,187.0,17011.0,990.0,20.0,Muncie,IN,40.1989,-85.395,,,,,,
Montclair State University,187.0,16810.0,870.0,15.0,Montclair,NJ,40.8646,-74.1986,,,,,,
Pace University,187.0,8914.0,940.0,21.0,New York,NY,40.6943,-73.9249,,,,,,
West Virginia University,187.0,22350.0,930.0,21.0,Morgantown,WV,39.638,-79.9468,,,,,,
Andrews University,192.0,1688.0,930.0,21.0,Berrien Springs,MI,41.9474,-86.3403,,,,,,
Indiana University-Purdue University--Indianapolis,192.0,21748.0,890.0,19.0,Indianapolis,IN,39.7771,-86.1458,,,,,,
University of Houston,192.0,35871.0,1040.0,23.0,Houston,TX,29.7863,-95.3889,,,,,,
University of New Mexico,192.0,20215.0,950.0,19.0,Albuquerque,NM,35.1053,-106.6464,,,,,,
University of North Dakota,192.0,11255.0,960.0,21.0,Grand Forks,ND,47.9218,-97.0886,,,,,,
Widener University,192.0,3591.0,930.0,21.0,Chester,PA,39.8456,-75.3718,,,,,,
New Mexico State University,198.0,12027.0,820.0,18.0,Las Cruces,NM,32.3265,-106.7892,,,,,,
North Dakota State University,198.0,12010.0,1000.0,21.0,Fargo,ND,46.8652,-96.8292,,,,,,
Nova Southeastern University,198.0,4295.0,1000.0,22.0,Ft. Lauderdale,FL,26.0789,-80.2406,,,,,,
University of North Carolina--Charlotte,198.0,23404.0,1030.0,22.0,Charlotte,NC,35.208,-80.8304,,,,,,
Bowling Green State University,202.0,14852.0,920.0,20.0,Bowling Green,OH,41.3773,-83.65,,,,,,
California State University--Fullerton,202.0,34576.0,920.0,19.0,Fullerton,CA,33.8841,-117.9279,,,,,,
Dallas Baptist University,202.0,3223.0,1030.0,19.0,Dallas,TX,32.7936,-96.7662,,,,,,
University of Massachusetts--Boston,202.0,12847.0,960.0,21.0,Boston,MA,42.3188,-71.0846,,,,,,
University of Nevada--Reno,202.0,18191.0,970.0,21.0,Reno,NV,39.5497,-119.8483,,,,,,
Central Michigan University,207.0,19923.0,890.0,20.0,Mount Pleasant,MI,43.5966,-84.7759,,,,,,
East Carolina University,207.0,22969.0,970.0,20.0,Greenville,NC,35.5956,-77.3768,,,,,,
Florida A&M University,207.0,7769.0,900.0,19.0,Tallahassee,FL,30.4551,-84.2526,,,,,,
Montana State University,207.0,14400.0,1010.0,21.0,Bozeman,MT,45.6832,-111.0552,,,,,,
University of Alaska--Fairbanks,207.0,7239.0,950.0,19.0,Fairbanks,AK,64.8353,-147.6534,,,,,,
University of Colorado--Denver,207.0,14622.0,960.0,21.0,Denver,CO,39.7621,-104.8759,,,,,,
University of Massachusetts--Dartmouth,207.0,6999.0,910.0,20.0,North Dartmouth,MA,41.6306,-70.9375,,,,,,
University of Montana,207.0,10077.0,950.0,20.0,Missoula,MT,46.875,-114.0214,,,,,,
Western Michigan University,207.0,18313.0,,19.0,Kalamazoo,MI,42.2749,-85.5882,,,,,,
Florida International University,216.0,45813.0,1030.0,23.0,Miami,FL,25.7839,-80.2102,,,,,,
Louisiana Tech University,216.0,11281.0,980.0,21.0,Ruston,LA,32.5329,-92.6363,,,,,,
South Dakota State University,216.0,10959.0,890.0,20.0,Brookings,SD,44.3022,-96.7859,,,,,,
Southern Illinois University--Carbondale,216.0,12182.0,880.0,19.0,Carbondale,IL,37.7221,-89.2238,,,,,,
University of Alabama--Huntsville,216.0,6507.0,1060.0,25.0,Huntsville,AL,34.6988,-86.6412,,,,,,
University of Missouri--Kansas City,216.0,11708.0,980.0,21.0,Kansas City,MO,39.1239,-94.5541,,,,,,
Utah State University,216.0,24838.0,980.0,20.0,Logan,UT,41.74,-111.8419,,,,,,
Ashland University,223.0,4536.0,950.0,20.0,Ashland,OH,40.8668,-82.3156,,,,,,
Benedictine University,223.0,3171.0,,20.0,Lisle,IL,41.7918,-88.0888,,,,,,
California State University--Fresno,223.0,21528.0,800.0,16.0,Fresno,CA,36.7831,-119.7941,,,,,,
Gardner-Webb University,223.0,2362.0,870.0,18.0,Boiling Springs,NC,35.2521,-81.6636,,,,,,
Georgia State University,223.0,25455.0,950.0,20.0,Atlanta,GA,33.7627,-84.4224,,,,,,
Shenandoah University,223.0,2099.0,880.0,19.0,Winchester,VA,39.1735,-78.1746,,,,,,
University of South Dakota,223.0,7500.0,830.0,19.0,Vermillion,SD,42.7811,-96.9255,,,,,,
Wayne State University,223.0,17280.0,983.0,20.0,Detroit,MI,42.3834,-83.1024,,,,,,
American International College,-1.0,1424.0,790.0,16.0,Springfield,MA,42.1155,-72.5395,,,,,,
Augusta University,-1.0,5133.0,930.0,,Augusta,GA,33.3645,-82.0708,,,,,,
Barry University,-1.0,3541.0,850.0,18.0,Miami Shores,FL,25.867,-80.1779,,,,,,
Boise State University,-1.0,20209.0,910.0,20.0,Boise,ID,43.6007,-116.2312,,,,,,
Cardinal Stritch University,-1.0,1534.0,973.0,18.0,Milwaukee,WI,43.0642,-87.9673,,,,,,
Clark Atlanta University,-1.0,3093.0,820.0,18.0,Atlanta,GA,33.7627,-84.4224,,,,,,
Cleveland State University,-1.0,12433.0,890.0,19.0,Cleveland,OH,41.4767,-81.6804,,,,,,
Eastern Michigan University,-1.0,17541.0,910.0,19.0,Ypsilanti,MI,42.2437,-83.6205,,,,,,
East Tennessee State University,-1.0,11065.0,920.0,20.0,Johnson City,TN,36.3406,-82.3803,,,,,,
Florida Atlantic University,-1.0,25402.0,950.0,20.0,Boca Raton,FL,26.3752,-80.108,,,,,,
Georgia Southern University,-1.0,18005.0,1030.0,22.0,Statesboro,GA,32.4376,-81.775,,,,,,
Grand Canyon University,-1.0,,,,Phoenix,AZ,33.5722,-112.0891,,,,,,
Indiana State University,-1.0,11202.0,790.0,16.0,Terre Haute,IN,39.4654,-87.3763,,,,,,
Indiana University of Pennsylvania,-1.0,10618.0,840.0,,Indiana,PA,40.622,-79.1552,,,,,,
Jackson State University,-1.0,7492.0,810.0,16.0,Jackson,MS,32.3163,-90.2124,,,,,,
Kennesaw State University,-1.0,32166.0,1000.0,21.0,Kennesaw,GA,34.026,-84.6177,,,,,,
Lamar University,-1.0,9326.0,860.0,18.0,Beaumont,TX,30.0849,-94.1451,,,,,,
Liberty University,-1.0,47050.0,950.0,21.0,Lynchburg,VA,37.4003,-79.1909,,,,,,
Lindenwood University,-1.0,7549.0,920.0,20.0,St. Charles,MO,38.7954,-90.5157,,,,,,
Middle Tennessee State University,-1.0,19693.0,950.0,19.0,Murfreesboro,TN,35.8492,-86.4119,,,,,,
Morgan State University,-1.0,6362.0,800.0,16.0,Baltimore,MD,39.3051,-76.6144,,,,,,
National Louis University,-1.0,,,,Chicago,IL,41.8373,-87.6862,,,,,,
North Carolina A&T State University,-1.0,9668.0,850.0,18.0,Greensboro,NC,36.0956,-79.8269,,,,,,
Northern Arizona University,-1.0,26506.0,940.0,20.0,Flagstaff,AZ,35.1872,-111.6195,,,,,,
Northern Illinois University,-1.0,14079.0,,19.0,DeKalb,IL,41.9313,-88.7482,,,,,,
Oakland University,-1.0,16568.0,805.0,20.0,Rochester,MI,42.6866,-83.1198,,,,,,
Old Dominion University,-1.0,19793.0,890.0,18.0,Norfolk,VA,36.8945,-76.259,,,,,,
Portland State University,-1.0,21633.0,930.0,19.0,Portland,OR,45.5372,-122.65,,,,,,
Prairie View A&M University,-1.0,7455.0,750.0,15.0,Prairie View,TX,30.085,-95.9897,,,,,,
Regent University,-1.0,3806.0,920.0,19.0,Virginia Beach,VA,36.7335,-76.0435,,,,,,
Sam Houston State University,-1.0,17902.0,870.0,19.0,Huntsville,TX,30.705,-95.5544,,,,,,
San Francisco State University,-1.0,25945.0,860.0,18.0,San Francisco,CA,37.7562,-122.443,,,,,,
Spalding University,-1.0,,,18.0,Louisville,KY,38.1663,-85.6485,,,,,,
Tennessee State University,-1.0,7007.0,788.0,16.0,Nashville,TN,36.1715,-86.7843,,,,,,
Tennessee Technological University,-1.0,9437.0,960.0,21.0,Cookeville,TN,36.1484,-85.5114,,,,,,
Texas A&M University--Commerce,-1.0,7605.0,850.0,17.0,Commerce,TX,33.2421,-95.8991,,,,,,
Texas A&M University--Corpus Christi,-1.0,10212.0,850.0,17.0,Corpus Christi,TX,27.726,-97.3755,,,,,,
Texas A&M University--Kingsville,-1.0,6811.0,850.0,17.0,Kingsville,TX,27.5094,-97.8611,,,,,,
Texas Southern University,-1.0,6562.0,715.0,15.0,Houston,TX,29.7863,-95.3889,,,,,,
Texas State University,-1.0,34244.0,930.0,20.0,San Marcos,TX,29.8736,-97.9381,,,,,,
Texas Woman's University,-1.0,10408.0,820.0,17.0,Denton,TX,33.2176,-97.1419,,,,,,
Trevecca Nazarene University,-1.0,2092.0,930.0,19.0,Nashville,TN,36.1715,-86.7843,,,,,,
Trinity International University,-1.0,1076.0,880.0,19.0,Deerfield,IL,42.1654,-87.8516,,,,,,
University of Akron,-1.0,17416.0,910.0,19.0,Akron,OH,41.0798,-81.5219,,,,,,
University of Arkansas--Little Rock,-1.0,9374.0,930.0,19.0,Little Rock,AR,34.7256,-92.3576,,,,,,
University of Louisiana--Lafayette,-1.0,15998.0,940.0,21.0,Lafayette,LA,30.2084,-92.0323,,,,,,
University of Louisiana--Monroe,-1.0,7778.0,920.0,19.0,Monroe,LA,32.5183,-92.0774,,,,,,
University of Maryland--Eastern Shore,-1.0,3278.0,790.0,17.0,Princess Anne,MD,38.2054,-75.6969,,,,,,
University of Memphis,-1.0,17176.0,890.0,19.0,Memphis,TN,35.1046,-89.9773,,,,,,
University of Missouri--St. Louis,-1.0,13923.0,940.0,21.0,St. Louis,MO,38.6358,-90.2451,,,,,,
University of Nebraska--Omaha,-1.0,12536.0,930.0,19.0,Omaha,NE,41.2627,-96.0522,,,,,,
University of Nevada--Las Vegas,-1.0,24714.0,900.0,19.0,Las Vegas,NV,36.2333,-115.2654,,,,,,
University of New Orleans,-1.0,6442.0,950.0,20.0,New Orleans,LA,30.0687,-89.9288,,,,,,
University of North Carolina--Greensboro,-1.0,16281.0,910.0,21.0,Greensboro,NC,36.0956,-79.8269,,,,,,
University of Northern Colorado,-1.0,9503.0,930.0,19.0,Greeley,CO,40.4151,-104.7706,,,,,,
University of North Texas,-1.0,31209.0,980.0,20.0,Denton,TX,33.2176,-97.1419,,,,,,
University of South Alabama,-1.0,11761.0,875.0,20.0,Mobile,AL,30.6783,-88.1162,,,,,,
University of Southern Mississippi,-1.0,11779.0,940.0,20.0,Hattiesburg,MS,31.3074,-89.317,,,,,,
University of Texas--Arlington,-1.0,32775.0,950.0,20.0,Arlington,TX,32.6998,-97.125,,,,,,
University of Texas--El Paso,-1.0,20521.0,810.0,17.0,El Paso,TX,31.8479,-106.4309,,,,,,
University of Texas--Rio Grande Valley,-1.0,24433.0,850.0,18.0,Edinburg,TX,26.3197,-98.1596,,,,,,
University of Texas--San Antonio,-1.0,24724.0,920.0,20.0,San Antonio,TX,29.4658,-98.5253,,,,,,
University of the Cumberlands,-1.0,3082.0,860.0,19.0,Williamsburg,KY,36.7392,-84.1647,,,,,,
University of Toledo,-1.0,16247.0,920.0,20.0,Toledo,OH,41.6639,-83.5822,,,,,,
University of West Florida,-1.0,10082.0,930.0,21.0,Pensacola,FL,30.4427,-87.1886,,,,,,
University of West Georgia,-1.0,11155.0,870.0,18.0,Carrollton,GA,33.5817,-85.0837,,,,,,
University of Wisconsin--Milwaukee,-1.0,21375.0,,20.0,Milwaukee,WI,43.0642,-87.9673,,,,,,
Valdosta State University,-1.0,8780.0,890.0,19.0,Valdosta,GA,30.8502,-83.2788,,,,,,
Wichita State University,-1.0,11823.0,915.0,21.0,Wichita,KS,37.6896,-97.3442,,,,,,
Wright State University,-1.0,12504.0,930.0,18.0,Dayton,OH,39.7797,-84.1998,,,,,,
Alliant International University,-2.0,1264.0,,,San Diego,CA,32.8312,-117.1225,,,,,,
Argosy University,-2.0,,,,Orange,CA,33.8038,-117.8218,,,,,,
California Institute of Integral Studies,-2.0,,,,San Francisco,CA,37.7562,-122.443,,,,,,
Capella University,-2.0,,,,Minneapolis,MN,44.9635,-93.2678,,,,,,
Idaho State University,-2.0,,,,Pocatello,ID,42.8724,-112.4646,,,,,,
Northcentral University,-2.0,133.0,,,San Diego,AZ,33.5855,-112.1252,,,,,,
Trident University International,-2.0,,,,Cypress,CA,33.8171,-118.0386,,,,,,
Union Institute and University,-2.0,,,,Cincinnati,OH,39.1413,-84.5061,,,,,,
University of Phoenix,-2.0,,,,Phoenix,AZ,33.5722,-112.0891,,,,,,
Walden University,-2.0,,,,Minneapolis,MN,44.9635,-93.2678,,,,,,
Wilmington University,-2.0,8873.0,,,New Castle,DE,39.6685,-75.5692,,,,,,
University of Pittsburgh--Pittsburgh Campus,,,,,,,40.4444,-79.9608,,,,,,
Elon University,,,,,,,36.102,-79.5035,,,,,,
Gonzaga University,,,,,,,47.6675,-117.4023,,,,,,
Santa Clara University,,,,,,,37.3496,-121.939,,,,,,
